Comment,Designator,Footprint,LCSC Part #
VS1053B-L,U1,VS1053b,C9922
"PCA9685PW,118",U2,TSSOP-28_4.4x9.7mm_P0.65mm,C2678753
TPS61090RSAR,U3,Texas_RSA_VQFN-16-1EP_4x4mm_P0.65mm_EP2.7x2.7mm_ThermalVias,C206167
TLV62569DBVR,"U4,U8",SOT-23-5,C141836
APX803S-31SA-7,U5,SOT-23,C129757
SN74HC165PWR,U6,TSSOP-16_4.4x5mm_P0.65mm,C43420
TPS2116DRLR,U7,SOT-583-8,C3235557
TLV320DAC3100IRHBR,U10,VQFN-32-1EP_5x5mm_P0.5mm_EP3.5x3.5mm,C179677
RP2350B,U11,QFN-80-1EP_10x10mm_P0.4mm_EP3.4x3.4mm,C42415655
USBLC6-2P6,U12,SOT-666,C15999
FM24CL64B-GTR,U14,SOIC-8_3.9x4.9mm_P1.27mm,C9829
BAT60B Schottky SOD-323,D22,SOD-323,C3018529
Groene LED 1206,D23,LED_1206_3216Metric_Green,C7280951
DMG2301L-7,Q1,SOT-23,C102619
FDN306P,Q2,SOT-23,C154510
BSS138LT1G,Q3,SOT-23,C82045
TDK MPZ1608S601ATA00,"L2,L6,L8,L3,L7",C_0603_1608Metric,C107335
AOTA-B201610S3R3-101-T,L9,L_Cenker_CKCS201610,C42411119
BLM21PG221SN1D ferrite 220R 2A 0805,L10,L_0805_2012Metric,C85840
ABM8-272-T3 (12 MHz),"Y1,Y2",Crystal_SMD_3225-4Pin_3.2x2.5mm,C20625731
PKMCS0909E4000-R1,BZ1,Buzzer_CUI_CPT-9019S-SMT,C910763
GCT USB4105-GF-A-120,J7,USB_C_Receptacle_GCT_USB4105-xx-A_16P_TopMnt_Horizontal,C5184243
TAJD107K010RNJ 100uF 10V,C1,CP_EIA-7343-15_Kemet-W_HandSolder,C7222
TAJD476K016RNJ 47uF 16V,C2,CP_EIA-7343-15_Kemet-W_HandSolder,C7227
10 pF 0402 C0G,"C3,C4",C_0402_1005Metric,C161520
100nF 0402 X5R,"C5,C6,C15,C16,C17,C18,C19,C22,C23,C25,C26,C37,C47,C49,C52,C57,C58,C60,C75,C79,C81",C_0402_1005Metric,C1525
100nF 0603,"C7,C54,C85",C_0603_1608Metric,C14663
10uF 1206,C8,C_1206_3216Metric,C13585
"4,7 uF 0805","C9,C11",C_0805_2012Metric,C98192
"6,8 pF 0805 NP0","C10,C12",C_0805_2012Metric,C519995
1uF 0402 X5R,"C13,C24,C27,C31,C36,C38,C39,C40,C41,C71",C_0402_1005Metric,C52923
4.7uF 0402 X5R,"C14,C82",C_0402_1005Metric,C23733
15 pF 0402 C0G,"C20,C21",C_0402_1005Metric,C440152
47uF 0603 X5R (was 100uF),C28,C_0603_1608Metric,C730416
1uF 0805,"C29,C61,C64,C68,C69,C76,C87",C_0805_2012Metric,C28323
10uF 0805,"C30,C86",C_0805_2012Metric,C15850
"100 uF 1206, 6,3 V X5R","C32,C33,C48,C53,C62,C77,C78,C80",C_1206_3216Metric,C15008
1uF 1206,"C34,C42,C45,C46,C51,C55,C56,C66,C67,C70,C72,C73,C74,C88",C_1206_3216Metric,C1848
100nF 0805,C59,C_0805_2012Metric,C49678
2.2uF 0603,C63,C_0603_1608Metric,C23630
10uF 0603,C65,C_0603_1608Metric,C19702
10uF 0402 X5R (was 22uF),"C83,C84",C_0402_1005Metric,C15525
499k 0603 (was 500k),R1,R_0603_1608Metric,C26751
330R 0603,R2,R_0603_1608Metric,C23138
390k 0603,R3,R_0603_1608Metric,C23150
1.6M 0402 (was 1.62M),R4,C_0402_1005Metric,C423231
10k 0603,"R5,R6,R7,R8,R9,R10,R11,R12,R20,R24,R27,R29,R34,R39",R_0603_1608Metric,C25804
180k 0402,R13,C_0402_1005Metric,C25760
27 ohm 0402,"R14,R15",C_0402_1005Metric,C138021
5.1k 0603,"R16,R33",R_0603_1608Metric,C23186
330R 0402,"R17,R18,R19",R_0402_1005Metric,C25104
0R 0603,"R21,R22,R23",R_0603_1608Metric,C21189
33 ohm 0402,R25,R_0402_1005Metric,C137880
1k 0402,"R26,R49",R_0402_1005Metric,C11702
10R 0603,R28,R_0603_1608Metric,C22859
10k 0402,"R30,R54",R_0402_1005Metric,C25744
1k 0603,R31,R_0603_1608Metric,C21190
220R 0402,"R32,R58,R59,R60,R61,R62,R63,R64,R65,R66,R67,R68,R69,R70,R71,R72",R_0402_1005Metric,C25091
453 kohm 0603,R35,R_0603_1608Metric,C273765
100 kohm 0603,"R36,R38",R_0603_1608Metric,C14675
200 kohm 0603,R37,R_0603_1608Metric,C105574
100k 0805,R44,R_0805_2012Metric,C149504
2.2k 0402,"R45,R46,R47,R48,R53",R_0402_1005Metric,C25879
100k 0402,R50,R_0402_1005Metric,C25741
1 Mohm 0402,R51,R_0402_1005Metric,C138033
1.4M 0603,"R55,R56",R_0603_1608Metric,C2930142
220R 0603,R73,R_0603_1608Metric,C22962
KMR221GLFS,"SW1,SW2",Push_SMD_4.6x2.8mm_h2.5mm,C72443
APV APH0624T6R8M 6.8uH 7x6.6mm,L1,Inductor_7.3x6.6mm,C54620221
APV ANR3012T2R2M 2.2uH 3x3mm,"L4,L5",L_APV_ANR3012,C6364784
