Designator,Mid X,Mid Y,Layer,Rotation
C5,66.048750mm,92.186250mm,Bottom,90.000000
C7,5.077500mm,5.293750mm,Bottom,180.000000
C8,11.126250mm,5.022501mm,Bottom,90.000000
C10,59.068750mm,6.670001mm,Bottom,-90.000000
C12,59.068750mm,14.284999mm,Bottom,-90.000000
C29,12.548750mm,72.356250mm,Bottom,-90.000000
C30,60.021250mm,10.797501mm,Bottom,-90.000000
C42,13.666250mm,5.033749mm,Bottom,90.000000
C48,7.475000mm,10.206251mm,Bottom,90.000000
C58,52.083750mm,67.631250mm,Bottom,90.000000
C59,55.896251mm,67.627500mm,Bottom,0.000000
C60,53.195000mm,67.631250mm,Bottom,90.000000
C62,4.935000mm,10.206251mm,Bottom,90.000000
C63,5.077500mm,6.881250mm,Bottom,180.000000
C64,12.542500mm,68.856251mm,Bottom,90.000000
C65,5.093750mm,17.285000mm,Bottom,-90.000000
C85,3.506250mm,17.285000mm,Bottom,-90.000000
C86,60.021250mm,18.412499mm,Bottom,-90.000000
C87,54.306250mm,12.062499mm,Bottom,-90.000000
D23,5.122500mm,14.128750mm,Bottom,0.000000
L2,53.176250mm,6.032500mm,Bottom,180.000000
L3,52.560000mm,11.900001mm,Bottom,90.000000
L6,53.176250mm,8.572500mm,Bottom,180.000000
L10,12.410000mm,1.801250mm,Bottom,0.000000
R1,14.777500mm,11.331250mm,Bottom,-90.000000
R3,14.777500mm,8.631250mm,Bottom,-90.000000
R5,40.653750mm,70.643750mm,Bottom,0.000000
R6,40.653750mm,69.215000mm,Bottom,0.000000
R7,49.543750mm,70.643750mm,Bottom,180.000000
R8,49.543750mm,69.215000mm,Bottom,180.000000
R9,49.543750mm,72.072500mm,Bottom,180.000000
R10,49.543750mm,67.786250mm,Bottom,180.000000
R11,40.653750mm,72.072500mm,Bottom,0.000000
R12,40.653750mm,73.501250mm,Bottom,0.000000
R17,65.260000mm,99.185001mm,Bottom,-90.000000
R18,66.530000mm,99.185001mm,Bottom,-90.000000
R19,67.800000mm,99.185001mm,Bottom,-90.000000
R27,8.427500mm,81.566250mm,Bottom,90.000000
R55,5.090000mm,2.118750mm,Bottom,180.000000
R56,5.090000mm,3.706250mm,Bottom,180.000000
R73,6.681250mm,17.272500mm,Bottom,90.000000
U2,18.897500mm,70.638750mm,Bottom,-90.000000
U3,11.285000mm,10.056250mm,Bottom,0.000000
U4,61.608750mm,7.008749mm,Bottom,-90.000000
U6,45.098750mm,70.643750mm,Bottom,90.000000
U7,7.983750mm,5.891248mm,Bottom,90.000000
U8,61.608750mm,14.628749mm,Bottom,-90.000000
U14,54.717500mm,71.596250mm,Bottom,0.000000
BZ1,6.077500mm,91.253178mm,Top,0.000000
C1,7.190000mm,36.988750mm,Top,180.000000
C2,7.190000mm,48.577500mm,Top,180.000000
C3,39.863750mm,90.487500mm,Top,180.000000
C4,39.856250mm,85.407500mm,Top,0.000000
C6,30.811250mm,83.347500mm,Top,-90.000000
C9,62.402500mm,14.607501mm,Top,90.000000
C11,62.402500mm,6.987501mm,Top,90.000000
C13,36.931250mm,10.251250mm,Top,0.000000
C14,28.116250mm,82.073750mm,Top,0.000000
C15,46.841250mm,73.818750mm,Top,0.000000
C16,27.795000mm,74.136250mm,Top,180.000000
C17,32.875000mm,69.846250mm,Top,-90.000000
C18,36.526250mm,69.846250mm,Top,-90.000000
C19,41.292500mm,74.136250mm,Top,0.000000
C20,46.368750mm,75.561250mm,Top,-90.000000
C21,46.348750mm,77.632500mm,Top,-90.000000
C22,41.288750mm,78.105000mm,Top,0.000000
C23,34.298750mm,83.676250mm,Top,90.000000
C24,42.558750mm,4.600000mm,Top,90.000000
C25,33.986250mm,69.850000mm,Top,-90.000000
C26,47.793750mm,80.168750mm,Top,0.000000
C27,41.923750mm,89.690000mm,Top,-90.000000
C28,9.062500mm,8.871250mm,Top,90.000000
C31,41.447500mm,4.601250mm,Top,90.000000
C32,35.618749mm,12.632500mm,Top,180.000000
C33,35.618749mm,8.187500mm,Top,0.000000
C34,54.035001mm,18.415000mm,Top,180.000000
C36,45.257500mm,12.227500mm,Top,90.000000
C37,49.706250mm,80.168750mm,Top,180.000000
C38,48.511875mm,93.681250mm,Top,-90.000000
C39,43.511250mm,82.546250mm,Top,90.000000
C40,47.321250mm,93.681250mm,Top,-90.000000
C41,38.903750mm,6.032500mm,Top,0.000000
C45,9.810000mm,77.946250mm,Top,0.000000
C46,53.373750mm,77.906250mm,Top,0.000000
C47,38.748750mm,83.665000mm,Top,90.000000
C49,53.988750mm,86.673750mm,Top,-90.000000
C51,53.373750mm,75.456250mm,Top,0.000000
C52,42.396250mm,104.140000mm,Top,180.000000
C53,54.035001mm,16.033750mm,Top,180.000000
C54,54.306250mm,83.838750mm,Top,-90.000000
C55,53.373750mm,73.056250mm,Top,0.000000
C56,9.809999mm,80.168750mm,Top,0.000000
C57,35.348750mm,83.686250mm,Top,90.000000
C61,57.796249mm,86.360000mm,Top,180.000000
C66,55.371249mm,93.821250mm,Top,0.000000
C67,55.371249mm,91.598750mm,Top,0.000000
C68,62.087501mm,87.630000mm,Top,180.000000
C69,57.791247mm,88.265000mm,Top,180.000000
C70,53.373750mm,70.656250mm,Top,0.000000
C71,41.923750mm,85.562500mm,Top,90.000000
C72,42.353750mm,95.091250mm,Top,0.000000
C73,42.353750mm,92.710000mm,Top,0.000000
C74,51.925000mm,95.137500mm,Top,90.000000
C75,53.988750mm,88.745000mm,Top,90.000000
C76,62.087501mm,95.567500mm,Top,180.000000
C77,54.035001mm,13.652500mm,Top,0.000000
C78,54.352501mm,6.032500mm,Top,0.000000
C79,27.950000mm,77.787500mm,Top,180.000000
C80,54.352501mm,8.572500mm,Top,0.000000
C81,28.112500mm,79.688750mm,Top,-90.000000
C82,27.160000mm,79.688750mm,Top,90.000000
C83,39.221250mm,13.017500mm,Top,180.000000
C84,41.606250mm,13.656250mm,Top,90.000000
C88,9.810000mm,75.723750mm,Top,0.000000
D22,63.037500mm,85.255000mm,Top,180.000000
J7,68.566250mm,91.281250mm,Top,90.000000
L7,62.402500mm,24.453749mm,Top,-90.000000
L8,56.510000mm,84.613750mm,Top,180.000000
L9,25.415000mm,79.757500mm,Top,90.000000
Q1,6.681250mm,98.870000mm,Top,0.000000
Q2,4.617500mm,43.706250mm,Top,90.000000
Q3,46.671250mm,102.726250mm,Top,-90.000000
R2,6.553750mm,101.600000mm,Top,180.000000
R4,11.130000mm,6.985000mm,Top,0.000000
R13,12.876250mm,6.985000mm,Top,0.000000
R14,59.828750mm,92.075000mm,Top,0.000000
R15,59.828750mm,91.122500mm,Top,0.000000
R16,61.895000mm,89.535000mm,Top,180.000000
R20,9.538750mm,99.726250mm,Top,-90.000000
R21,9.983750mm,72.072500mm,Top,180.000000
R22,9.983750mm,73.660000mm,Top,0.000000
R23,3.030000mm,73.373750mm,Top,90.000000
R24,39.670000mm,101.917500mm,Top,180.000000
R25,26.683750mm,82.583749mm,Top,-90.000000
R26,41.288750mm,77.152500mm,Top,180.000000
R28,46.717500mm,99.853750mm,Top,0.000000
R29,51.723750mm,102.306250mm,Top,0.000000
R30,37.320000mm,5.998751mm,Top,-90.000000
R31,49.543750mm,103.156250mm,Top,90.000000
R32,22.046251mm,106.045000mm,Top,0.000000
R33,61.957500mm,93.662500mm,Top,180.000000
R34,42.907500mm,98.107500mm,Top,0.000000
R35,59.227500mm,6.381250mm,Top,-90.000000
R36,60.656250mm,6.381250mm,Top,90.000000
R37,59.227500mm,14.001250mm,Top,-90.000000
R38,60.656250mm,14.001250mm,Top,90.000000
R39,8.141250mm,6.667500mm,Top,180.000000
R44,2.148750mm,43.622667mm,Top,-90.000000
R45,29.382500mm,87.981249mm,Top,90.000000
R46,29.382500mm,86.167501mm,Top,90.000000
R47,39.383750mm,69.816250mm,Top,-90.000000
R48,41.322500mm,71.437500mm,Top,180.000000
R49,47.480000mm,75.531250mm,Top,90.000000
R50,49.702500mm,93.681250mm,Top,90.000000
R51,41.923750mm,87.596250mm,Top,90.000000
R53,37.671250mm,4.127500mm,Top,0.000000
R54,14.777500mm,10.352499mm,Top,90.000000
R58,22.046251mm,101.600000mm,Top,0.000000
R59,22.046251mm,97.155000mm,Top,0.000000
R60,22.046251mm,92.551250mm,Top,0.000000
R61,22.046251mm,88.265000mm,Top,0.000000
R62,22.046251mm,83.820000mm,Top,0.000000
R63,21.796249mm,79.375000mm,Top,0.000000
R64,22.556250mm,75.247500mm,Top,180.000000
R65,15.537500mm,106.045000mm,Top,0.000000
R66,15.537500mm,101.441250mm,Top,0.000000
R67,15.537500mm,96.996250mm,Top,0.000000
R68,15.537500mm,92.551250mm,Top,0.000000
R69,15.537500mm,88.265000mm,Top,0.000000
R70,15.537500mm,83.820000mm,Top,0.000000
R71,16.716249mm,79.375000mm,Top,0.000000
R72,17.442501mm,75.247500mm,Top,0.000000
U1,47.956250mm,86.995000mm,Top,-90.000000
U5,42.876250mm,100.980000mm,Top,90.000000
U10,41.697500mm,9.616250mm,Top,90.000000
U11,34.462500mm,76.676250mm,Top,90.000000
U12,62.112500mm,91.598750mm,Top,0.000000
Y1,39.757500mm,87.936250mm,Top,-90.000000
Y2,43.998750mm,76.606250mm,Top,90.000000
SW1,4.948751mm,81.591250mm,Bottom,180.000000
SW2,4.948750mm,78.111250mm,Bottom,0.000000
L1,11.367500mm,16.510000mm,Bottom,0.000000
L4,62.731250mm,10.833750mm,Bottom,90.000000
L5,62.720000mm,18.506249mm,Bottom,90.000000
