Ref,Val,Package,PosX,PosY,Rot,Side
"BTN_A1","GameBoy_ButtonPad","GameBoy_A_B_Pad",21.348550,41.867000,0.000000,bottom
"BTN_B1","GameBoy_ButtonPad","GameBoy_A_B_Pad",7.391250,36.580000,180.000000,bottom
"BTN_D1","GameBoy_ButtonPad","GameBoy_DPad",57.418750,37.376250,0.000000,bottom
"BTN_L1","GameBoy_ButtonPad","GameBoy_DPad",59.448750,39.406250,90.000000,bottom
"BTN_R1","GameBoy_ButtonPad","GameBoy_DPad",55.387500,39.407500,-90.000000,bottom
"BTN_U1","GameBoy_ButtonPad","GameBoy_DPad",57.418750,41.336250,180.000000,bottom
"C5","0.1uF","C_0402_1005Metric",66.048750,92.186250,90.000000,bottom
"C7","0.1uF","C_0603_1608Metric",5.077500,5.293750,180.000000,bottom
"C8","10uF","C_1206_3216Metric",11.126250,5.022501,90.000000,bottom
"C10","6.8pF","C_0805_2012Metric",59.068750,6.670001,-90.000000,bottom
"C12","6.8pF","C_0805_2012Metric",59.068750,14.284999,-90.000000,bottom
"C29","1.0uF","C_0805_2012Metric",12.548750,72.356250,-90.000000,bottom
"C30","10uF","C_0805_2012Metric",60.021250,10.797501,-90.000000,bottom
"C42","1.0uF","C_1206_3216Metric",13.666250,5.033749,90.000000,bottom
"C43","10uF","CP_Elec_6.3x4.5",27.953750,70.642500,90.000000,bottom
"C44","10uF","CP_Elec_6.3x4.5",35.415000,70.642500,90.000000,bottom
"C48","100uF","C_1206_3216Metric",7.475000,10.206251,90.000000,bottom
"C58","0.1uF","C_0402_1005Metric",52.083750,67.631250,90.000000,bottom
"C59","0.1uF","C_0805_2012Metric",55.896251,67.627500,0.000000,bottom
"C60","0.1uF","C_0402_1005Metric",53.195000,67.631250,90.000000,bottom
"C62","100uF","C_1206_3216Metric",4.935000,10.206251,90.000000,bottom
"C63","2.2uF","C_0603_1608Metric",5.077500,6.881250,180.000000,bottom
"C64","1.0uF","C_0805_2012Metric",12.542500,68.856251,90.000000,bottom
"C65","10uF","C_0603_1608Metric",5.093750,17.285000,-90.000000,bottom
"C85","0.1uF","C_0603_1608Metric",3.506250,17.285000,-90.000000,bottom
"C86","10uF","C_0805_2012Metric",60.021250,18.412499,-90.000000,bottom
"C87","1.0uF","C_0805_2012Metric",54.306250,12.062499,-90.000000,bottom
"D1","LED","LED_D3.0mm",22.556250,108.171250,180.000000,bottom
"D2","LED","LED_D3.0mm",22.556250,103.726250,180.000000,bottom
"D3","LED","LED_D3.0mm",22.556250,99.281250,180.000000,bottom
"D4","LED","LED_D3.0mm",22.556250,94.836250,180.000000,bottom
"D5","LED","LED_D3.0mm",22.556250,90.391250,180.000000,bottom
"D6","LED","LED_D3.0mm",22.556250,85.946250,180.000000,bottom
"D7","LED","LED_D3.0mm",22.556250,81.501250,180.000000,bottom
"D8","LED","LED_D3.0mm",22.556250,77.056250,180.000000,bottom
"D9","LED","LED_D3.0mm",17.476250,108.171250,180.000000,bottom
"D10","LED","LED_D3.0mm",17.476250,103.726250,180.000000,bottom
"D11","LED","LED_D3.0mm",17.476250,99.281250,180.000000,bottom
"D12","LED","LED_D3.0mm",17.476250,94.836250,180.000000,bottom
"D13","LED","LED_D3.0mm",17.476250,90.391250,180.000000,bottom
"D14","LED","LED_D3.0mm",17.476250,85.946250,180.000000,bottom
"D15","LED","LED_D3.0mm",17.476250,81.501250,180.000000,bottom
"D16","LED","LED_D3.0mm",17.476250,77.056250,180.000000,bottom
"D17","CLMVC-FKA-CL1D1L71BB7C3C3","CREE_LED_2mm_x_2mm_Common_Anode",65.938750,101.991250,-90.000000,bottom
"D23","Green","LED_1206_3216Metric_Green",5.122500,14.128750,0.000000,bottom
"J1","Conn_01x12","1.54_IPS_FPC_Solder",42.192963,85.090000,180.000000,bottom
"J2","JST_1mm_3_Vertical","JST_1x03_P1.0mm_Horizontal_SMD",6.935000,72.072500,90.000000,bottom
"J5","SJ-43514","SJ_43514",30.651666,7.144050,90.000000,bottom
"J13","Conn_01x10","StereoBoy_PSU",58.208750,12.336250,180.000000,bottom
"L1","6.8uH","Inductor_7.3x6.6mm",11.367500,16.510000,0.000000,bottom
"L2","600Ω @ 100MHz","C_0603_1608Metric",53.176250,6.032500,180.000000,bottom
"L3","600Ω @ 100MHz","L_0603_1608Metric",52.560000,11.900001,90.000000,bottom
"L4","2.2uH","L_APV_ANR3012",62.731250,10.833750,90.000000,bottom
"L5","2.2uH","L_APV_ANR3012",62.720000,18.506249,90.000000,bottom
"L6","600Ω @ 100MHz","C_0603_1608Metric",53.176250,8.572500,180.000000,bottom
"L10","600Ω @ 100MHz","L_0805_2012Metric",12.410000,1.801250,0.000000,bottom
"R1","500k","R_0603_1608Metric",14.777500,11.331250,-90.000000,bottom
"R3","390k","R_0603_1608Metric",14.777500,8.631250,-90.000000,bottom
"R5","10k","R_0603_1608Metric",40.653750,70.643750,0.000000,bottom
"R6","10k","R_0603_1608Metric",40.653750,69.215000,0.000000,bottom
"R7","10k","R_0603_1608Metric",49.543750,70.643750,180.000000,bottom
"R8","10k","R_0603_1608Metric",49.543750,69.215000,180.000000,bottom
"R9","10k","R_0603_1608Metric",49.543750,72.072500,180.000000,bottom
"R10","10k","R_0603_1608Metric",49.543750,67.786250,180.000000,bottom
"R11","10k","R_0603_1608Metric",40.653750,72.072500,0.000000,bottom
"R12","10k","R_0603_1608Metric",40.653750,73.501250,0.000000,bottom
"R17","330","R_0402_1005Metric",65.260000,99.185001,-90.000000,bottom
"R18","330","R_0402_1005Metric",66.530000,99.185001,-90.000000,bottom
"R19","330","R_0402_1005Metric",67.800000,99.185001,-90.000000,bottom
"R27","10k","R_0603_1608Metric",8.427500,81.566250,90.000000,bottom
"R55","1.4M","R_0603_1608Metric",5.090000,2.118750,180.000000,bottom
"R56","1.4M","R_0603_1608Metric",5.090000,3.706250,180.000000,bottom
"R73","220","R_0603_1608Metric",6.681250,17.272500,90.000000,bottom
"SELECT1","SMD_6x3.5mm_h2.5mm","GameBoy_Select_Start",34.723750,18.256250,-90.000000,bottom
"START1","SMD_6x3.5mm_h2.5mm","GameBoy_Select_Start",46.383750,18.256250,-90.000000,bottom
"SW1","SMD_4.6x2.8mm_h2.5mm","Push_SMD_4.6x2.8mm_h2.5mm",4.948751,81.591250,180.000000,bottom
"SW2","SMD_4.6x2.8mm_h2.5mm","Push_SMD_4.6x2.8mm_h2.5mm",4.948750,78.111250,0.000000,bottom
"U2","PCA9685PW","TSSOP-28_4.4x9.7mm_P0.65mm",18.897500,70.638750,-90.000000,bottom
"U3","TPS61090","Texas_RSA_VQFN-16-1EP_4x4mm_P0.65mm_EP2.7x2.7mm_ThermalVias",11.285000,10.056250,0.000000,bottom
"U4","TLV62569DBV","SOT-23-5",61.608750,7.008749,-90.000000,bottom
"U6","74HC165","TSSOP-16_4.4x5mm_P0.65mm",45.098750,70.643750,90.000000,bottom
"U7","TPS2116DRL","SOT-583-8",7.983750,5.891248,90.000000,bottom
"U8","TLV62569DBV","SOT-23-5",61.608750,14.628749,-90.000000,bottom
"U14","FM24C64C","SOIC-8_3.9x4.9mm_P1.27mm",54.717500,71.596250,0.000000,bottom
"","","",69.162850,49.096550,0.000000,top
"","","",2.369550,110.338350,0.000000,top
"","","",45.734850,29.300650,0.000000,top
"","","",67.635950,109.176950,0.000000,top
"","","",67.520250,25.546050,0.000000,top
"","","",67.635950,109.176950,0.000000,top
"","","",2.268850,31.228650,0.000000,top
"","","",67.635950,109.176950,0.000000,top
"","","",22.792450,24.533050,0.000000,top
"","","",15.812050,43.191250,0.000000,top
"","","",2.369550,110.338350,0.000000,top
"","","",46.750850,24.398450,0.000000,top
"","","",40.290850,35.874650,0.000000,top
"","","",12.864850,33.136650,0.000000,top
"","","",2.369550,110.338350,0.000000,top
"+0","MGB+BATTERY4","MGB+BATTERY4",24.195750,46.370250,0.000000,top
"-0","MGB-BATTERY4","MGB-BATTERY4",16.064750,27.236250,0.000000,top
"BZ1","Buzzer","Buzzer_CUI_CPT-9019S-SMT",6.077500,91.253178,0.000000,top
"C1","100uF","CP_EIA-7343-15_Kemet-W_HandSolder",7.190000,36.988750,180.000000,top
"C2","47uF","CP_EIA-7343-15_Kemet-W_HandSolder",7.190000,48.577500,180.000000,top
"C3","10pF","C_0402_1005Metric",39.863750,90.487500,180.000000,top
"C4","10pF","C_0402_1005Metric",39.856250,85.407500,0.000000,top
"C6","0.1uF","C_0402_1005Metric",30.811250,83.347500,-90.000000,top
"C9","4.7uF","C_0805_2012Metric",62.402500,14.607501,90.000000,top
"C11","4.7uF","C_0805_2012Metric",62.402500,6.987501,90.000000,top
"C13","1.0uF","C_0402_1005Metric",36.931250,10.251250,0.000000,top
"C14","4.7uF","C_0402_1005Metric",28.116250,82.073750,0.000000,top
"C15","0.1uF","C_0402_1005Metric",46.841250,73.818750,0.000000,top
"C16","0.1uF","C_0402_1005Metric",27.795000,74.136250,180.000000,top
"C17","0.1uF","C_0402_1005Metric",32.875000,69.846250,-90.000000,top
"C18","0.1uF","C_0402_1005Metric",36.526250,69.846250,-90.000000,top
"C19","0.1uF","C_0402_1005Metric",41.292500,74.136250,0.000000,top
"C20","15pF","C_0402_1005Metric",46.368750,75.561250,-90.000000,top
"C21","15pF","C_0402_1005Metric",46.348750,77.632500,-90.000000,top
"C22","0.1uF","C_0402_1005Metric",41.288750,78.105000,0.000000,top
"C23","0.1uF","C_0402_1005Metric",34.298750,83.676250,90.000000,top
"C24","1.0uF","C_0402_1005Metric",42.558750,4.600000,90.000000,top
"C25","0.1uF","C_0402_1005Metric",33.986250,69.850000,-90.000000,top
"C26","0.1uF","C_0402_1005Metric",47.793750,80.168750,0.000000,top
"C27","1.0uF","C_0402_1005Metric",41.923750,89.690000,-90.000000,top
"C28","100uF","C_0603_1608Metric",9.062500,8.871250,90.000000,top
"C31","1.0uF","C_0402_1005Metric",41.447500,4.601250,90.000000,top
"C32","100uF","C_1206_3216Metric",35.618749,12.632500,180.000000,top
"C33","100uF","C_1206_3216Metric",35.618749,8.187500,0.000000,top
"C34","1.0uF","C_1206_3216Metric",54.035001,18.415000,180.000000,top
"C36","1.0uF","C_0402_1005Metric",45.257500,12.227500,90.000000,top
"C37","0.1uF","C_0402_1005Metric",49.706250,80.168750,180.000000,top
"C38","1.0uF","C_0402_1005Metric",48.511875,93.681250,-90.000000,top
"C39","1.0uF","C_0402_1005Metric",43.511250,82.546250,90.000000,top
"C40","1.0uF","C_0402_1005Metric",47.321250,93.681250,-90.000000,top
"C41","1.0uF","C_0402_1005Metric",38.903750,6.032500,0.000000,top
"C45","1.0uF","C_1206_3216Metric",9.810000,77.946250,0.000000,top
"C46","1.0uF","C_1206_3216Metric",53.373750,77.906250,0.000000,top
"C47","0.1uF","C_0402_1005Metric",38.748750,83.665000,90.000000,top
"C49","0.1uF","C_0402_1005Metric",53.988750,86.673750,-90.000000,top
"C51","1.0uF","C_1206_3216Metric",53.373750,75.456250,0.000000,top
"C52","0.1uF","C_0402_1005Metric",42.396250,104.140000,180.000000,top
"C53","100uF","C_1206_3216Metric",54.035001,16.033750,180.000000,top
"C54","0.1uF","C_0603_1608Metric",54.306250,83.838750,-90.000000,top
"C55","1.0uF","C_1206_3216Metric",53.373750,73.056250,0.000000,top
"C56","1.0uF","C_1206_3216Metric",9.809999,80.168750,0.000000,top
"C57","0.1uF","C_0402_1005Metric",35.348750,83.686250,90.000000,top
"C61","1.0uF","C_0805_2012Metric",57.796249,86.360000,180.000000,top
"C66","1.0uF","C_1206_3216Metric",55.371249,93.821250,0.000000,top
"C67","1.0uF","C_1206_3216Metric",55.371249,91.598750,0.000000,top
"C68","1.0uF","C_0805_2012Metric",62.087501,87.630000,180.000000,top
"C69","1.0uF","C_0805_2012Metric",57.791247,88.265000,180.000000,top
"C70","1.0uF","C_1206_3216Metric",53.373750,70.656250,0.000000,top
"C71","1.0uF","C_0402_1005Metric",41.923750,85.562500,90.000000,top
"C72","1.0uF","C_1206_3216Metric",42.353750,95.091250,0.000000,top
"C73","1.0uF","C_1206_3216Metric",42.353750,92.710000,0.000000,top
"C74","1.0uF","C_1206_3216Metric",51.925000,95.137500,90.000000,top
"C75","0.1uF","C_0402_1005Metric",53.988750,88.745000,90.000000,top
"C76","1.0uF","C_0805_2012Metric",62.087501,95.567500,180.000000,top
"C77","100uF","C_1206_3216Metric",54.035001,13.652500,0.000000,top
"C78","100uF","C_1206_3216Metric",54.352501,6.032500,0.000000,top
"C79","0.1uF","C_0402_1005Metric",27.950000,77.787500,180.000000,top
"C80","100uF","C_1206_3216Metric",54.352501,8.572500,0.000000,top
"C81","0.1uF","WAi_0402_1005Metric",28.112500,79.688750,-90.000000,top
"C82","4.7uF","WAi_0402_1005Metric",27.160000,79.688750,90.000000,top
"C83","22.1uF","C_0402_1005Metric",39.221250,13.017500,180.000000,top
"C84","22.1uF","C_0402_1005Metric",41.606250,13.656250,90.000000,top
"C88","1.0uF","C_1206_3216Metric",9.810000,75.723750,0.000000,top
"D22","BAT60JFILM","SOD-323",63.037500,85.255000,180.000000,top
"J3","GameBoy_Cartridge","MGB-CART-CONN",0.232650,53.623150,0.000000,top
"J4","Conn_01x02","1x02_P2.54mm",4.948751,81.121250,-90.000000,top
"J6","Conn_01x09","1x09_P2.54mm",32.557500,106.203750,0.000000,top
"J7","USB_C_Receptacle_USB2.0_16P","USB_C_Receptacle_GCT_USB4105-xx-A_16P_TopMnt_Horizontal",68.566250,91.281250,90.000000,top
"J8","Conn_01x02","1x02_P2.54mm",5.570000,73.342500,-90.000000,top
"J10","Conn_01x05","1x05_P2.54mm",16.748750,3.810000,90.000000,top
"J11","Conn_01x05","1x05_P2.54mm",1.508750,3.810000,90.000000,top
"L7","600Ω @ 100MHz","L_0603_1608Metric",62.402500,24.453749,-90.000000,top
"L8","600Ω @ 100MHz","C_0603_1608Metric",56.510000,84.613750,180.000000,top
"L9","3.3uH","L_Cenker_CKCS201610",25.415000,79.757500,90.000000,top
"Q1","DMG2301L","SOT-23",6.681250,98.870000,0.000000,top
"Q2","FDN306P","SOT-23",4.617500,43.706250,90.000000,top
"Q3","BSS138","SOT-23",46.671250,102.726250,-90.000000,top
"R2","330","R_0603_1608Metric",6.553750,101.600000,180.000000,top
"R4","1.62M","C_0402_1005Metric",11.130000,6.985000,0.000000,top
"R13","180k","C_0402_1005Metric",12.876250,6.985000,0.000000,top
"R14","27","C_0402_1005Metric",59.828750,92.075000,0.000000,top
"R15","27","C_0402_1005Metric",59.828750,91.122500,0.000000,top
"R16","5.1k","R_0603_1608Metric",61.895000,89.535000,180.000000,top
"R20","10k","R_0603_1608Metric",9.538750,99.726250,-90.000000,top
"R21","0","R_0603_1608Metric",9.983750,72.072500,180.000000,top
"R22","0","R_0603_1608Metric",9.983750,73.660000,0.000000,top
"R23","0","R_0603_1608Metric",3.030000,73.373750,90.000000,top
"R24","10k","R_0603_1608Metric",39.670000,101.917500,180.000000,top
"R25","33","R_0402_1005Metric",26.683750,82.583749,-90.000000,top
"R26","1k","R_0402_1005Metric",41.288750,77.152500,180.000000,top
"R28","10","R_0603_1608Metric",46.717500,99.853750,0.000000,top
"R29","10k","R_0603_1608Metric",51.723750,102.306250,0.000000,top
"R30","10K","R_0402_1005Metric",37.320000,5.998751,-90.000000,top
"R31","1k","R_0603_1608Metric",49.543750,103.156250,90.000000,top
"R32","220","R_0402_1005Metric",22.046251,106.045000,0.000000,top
"R33","5.1k","R_0603_1608Metric",61.957500,93.662500,180.000000,top
"R34","10k","R_0603_1608Metric",42.907500,98.107500,0.000000,top
"R35","453k","R_0603_1608Metric",59.227500,6.381250,-90.000000,top
"R36","100k","R_0603_1608Metric",60.656250,6.381250,90.000000,top
"R37","200k","R_0603_1608Metric",59.227500,14.001250,-90.000000,top
"R38","100k","R_0603_1608Metric",60.656250,14.001250,90.000000,top
"R39","10k","R_0603_1608Metric",8.141250,6.667500,180.000000,top
"R44","100k","R_0805_2012Metric",2.148750,43.622667,-90.000000,top
"R45","2.2K","R_0402_1005Metric",29.382500,87.981249,90.000000,top
"R46","2.2K","R_0402_1005Metric",29.382500,86.167501,90.000000,top
"R47","2.2K","R_0402_1005Metric",39.383750,69.816250,-90.000000,top
"R48","2.2K","R_0402_1005Metric",41.322500,71.437500,180.000000,top
"R49","1k","R_0402_1005Metric",47.480000,75.531250,90.000000,top
"R50","100K","R_0402_1005Metric",49.702500,93.681250,90.000000,top
"R51","1M","R_0402_1005Metric",41.923750,87.596250,90.000000,top
"R53","2.2k","R_0402_1005Metric",37.671250,4.127500,0.000000,top
"R54","10K","R_0402_1005Metric",14.777500,10.352499,90.000000,top
"R58","220","R_0402_1005Metric",22.046251,101.600000,0.000000,top
"R59","220","R_0402_1005Metric",22.046251,97.155000,0.000000,top
"R60","220","R_0402_1005Metric",22.046251,92.551250,0.000000,top
"R61","220","R_0402_1005Metric",22.046251,88.265000,0.000000,top
"R62","220","R_0402_1005Metric",22.046251,83.820000,0.000000,top
"R63","220","R_0402_1005Metric",21.796249,79.375000,0.000000,top
"R64","220","R_0402_1005Metric",22.556250,75.247500,180.000000,top
"R65","220","R_0402_1005Metric",15.537500,106.045000,0.000000,top
"R66","220","R_0402_1005Metric",15.537500,101.441250,0.000000,top
"R67","220","R_0402_1005Metric",15.537500,96.996250,0.000000,top
"R68","220","R_0402_1005Metric",15.537500,92.551250,0.000000,top
"R69","220","R_0402_1005Metric",15.537500,88.265000,0.000000,top
"R70","220","R_0402_1005Metric",15.537500,83.820000,0.000000,top
"R71","220","R_0402_1005Metric",16.716249,79.375000,0.000000,top
"R72","220","R_0402_1005Metric",17.442501,75.247500,0.000000,top
"SPK_CONN1","Conn_01x02","1x02",21.921250,16.351250,90.000000,top
"SW3","MGB-SW1","GBP_Power_Switch",58.046250,113.541000,0.000000,top
"U1","CODECODER-VS1053B_LQFP48_","VS1053b",47.956250,86.995000,-90.000000,top
"U5","APX803","SOT-23",42.876250,100.980000,90.000000,top
"U10","TLV320AIC3100","VQFN-32-1EP_5x5mm_P0.5mm_EP3.5x3.5mm",41.697500,9.616250,90.000000,top
"U11","RP2350B","QFN-80-1EP_10x10mm_P0.4mm_EP3.4x3.4mm",34.462500,76.676250,90.000000,top
"U12","USBLC6-2P6","SOT-666",62.112500,91.598750,0.000000,top
"UNK_HOLE_0","","dummyfp0",2.369550,110.338350,0.000000,top
"UNK_HOLE_1","","dummyfp1",67.635950,109.176950,0.000000,top
"UNK_HOLE_4","","dummyfp4",2.268850,31.228650,0.000000,top
"UNK_HOLE_5","","dummyfp5",67.520250,25.546050,0.000000,top
"UNK_HOLE_6","","dummyfp6",40.290850,35.874650,0.000000,top
"UNK_HOLE_7","","dummyfp7",45.734850,29.300650,0.000000,top
"UNK_HOLE_8","","dummyfp8",46.750850,24.398450,0.000000,top
"UNK_HOLE_9","","dummyfp9",15.812050,43.191250,0.000000,top
"UNK_HOLE_10","","dummyfp10",69.162850,49.096550,0.000000,top
"UNK_HOLE_11","","dummyfp11",12.864850,33.136650,0.000000,top
"UNK_HOLE_12","","dummyfp12",22.792450,24.533050,0.000000,top
"VR1","RK10J11R0A0L","RK10J11R0A0L",66.602500,76.993750,-90.000000,top
"Y1","12MHz","Crystal_SMD_3225-4Pin_3.2x2.5mm",39.757500,87.936250,-90.000000,top
"Y2","12MHz","Crystal_SMD_3225-4Pin_3.2x2.5mm",43.998750,76.606250,90.000000,top
